Neighborhood,Community,ID,Neighborhood.Abbreviation,Labor.Force.Participation.Rate,Employment.Rate,Private.Employment.Rate,Government.Employment.Rate,Self.Employment.Rate,Median.Income,Poverty.Rate,Total.Persons,Male.Persons,Percent.Male.Persons,Female.Persons,Percent.Female.Persons,Age...24,Percent.Age...24,Age.25.to.44,Percent.Age.25.to.44,Age.45.to.64,Percent.Age.45.to.64,Age.65..,Percent.Age.65..,White,Percent.White,Black,Percent.Black,Latinx,Percent.Latinx,Asian,Percent.Asian,Other,Percent.Other,Total.Occupancy.Units,Occupied.Units,Percent.Occupied.Units,Vacant.Units,Percent.Vacant.Units,Other.Vacant.Units,Percent.Other.Vacant.Units,Total.Units.in.Structure,X1.Unit.Structure,Percent.1.Unit.Structure,X2.Unit.Structure,Percent.2.Unit.Structure,X3.to.19.Unit.Structure,Percent.3.to.19.Unit.Structure,X20.or.More.Unit.Structure,Percent.20.or.More.Unit.Structure,Built.2000.2015,Percent.Built.2000.2015,Built.1970.1999,Percent.Built.1970.1999,Built.1940.1969,Percent.Built.1940.1969,Built.Before.1940,Percent.Built.Before.1940,Owner.Tenure,Percent.Owner.Tenure,Renter.Tenure,Percent.Renter.Tenure,X0.Available.Vehicle,Percent.0.Available.Vehicle,X1.Available.Vehicle,Percent.1.Available.Vehicle,X2.orMore.Available.Vehicle,Percent.2.or.More.Available.Vehicle,Median.Value.for.Cost.Burdened.Owners,Total.Cost.Burdened.Owners,X30...Cost.Burdened.Owners,Share.Cost.Burdened.Owners,Median.Value.for.Rent.Burdened.Renters,Total.Rent.Burdened.Renters,X30...Rent.Burdened.Renters,Share.Rent.Burdened.Renters,Family.Households,Percent.Family.Households,Family.W.Children.Households,Percent.Family.W.Children.Households,Married.Family.W.Children.Households,Percent.Married.Family.W..Children.Households,Single.Person.Households,Percent.Single.Person.Households,Foreign.Born,Percent.Foreign.Born,X..High.School.Education,Percent...High.School.Education,High.School.Education,Percent.High.School.Education,Associates.Education,Percent.Associates.Education,Bachelors.Education,Percent.Bachelors.Education,Graduate.Education,Percent.Graduate.Education,Total.Households,Total.Family.Households.W..Children.Under.18,Percent.Family.Households.W..Children.Under.18,Total.Married.Couple.Households.W..Children.Under.18,Percent.Married.Couple.Households.W..Children.Under.18,Total.Female.Householder.W..Children.Under.18,Percent.Female.Householder.W..Children.Under.18,Total.Male.Householder.W..Children.Under.18,Percent.Male.Householder.W..Children.Under.18,Total.Family.Households.W.Out.Children.Under.18,Percent.Family.Households.W.Out.Children.Under.18,Total.Married.Couple.W.Out.Children.Under.18,Percent.Married.Couple.W.Out.Children.Under.18,Total.Female.Family.Householder.W.Out.Children.Under.18,Percent.Female.Family.Householder.W.Out.Children.Under.18,Total.Male.Family.Householder.W.Out.Children.Under.18,Percent.Male.Family.Householder.W.Out.Children.Under.18,Total.Non.Family.Households,Percent.Non.Family.Households,Total.Living.Alone,Percent.Living.Alone,Total.Not.Living.Alone,Percent.Not.Living.Alone,Total.Living.Alone.Senior,Percent.Living.Alone.Senior,Latitude,Longitude,New.Georeferenced.Column
ALBRIGHT,West,6,EBW,66.01,94.02,80.12,15.57,4.31,56150,18.24,15804,7405,46.86,8399,53.14,6500,41.13,4699,29.73,2948,18.65,1657,10.48,11039,69.85,2548,16.12,1066,6.75,699,4.42,452,2.86,7143,6170,86.38,973,13.62,689,9.65,7143,2000,28,2703,37.84,1712,23.97,728,10.19,76,1.06,322,4.51,787,11.02,5958,83.41,2601,42.16,3569,57.84,878,14.23,2869,46.5,2423,39.27,208378.4314,2572,523,20.33,826.3239075,3429,1423,41.5,2707,43.87,1150,18.64,668,10.83,2386,38.67,529.3925588,8.58,421.7669819,6.84,1612.794497,26.14,567.661221,9.2,1702.983663,27.6,1864.793637,30.22,6177,537,8.69,401,74.67,98,18.25,38,7.08,931,15.07,636,68.31,136,14.61,159,17.08,4709,76.23,3738,79.38,971,20.62,1103,23.42,42.9245109,-78.8745306,"(42.9245109, -78.8745306)"
ALLEN,West,5,AT,78.49,96.23,84.02,13.16,2.82,39060,28.84,3363,1840,54.71,1523,45.29,1031,30.66,1450,43.12,679,20.19,203,6.04,2582,76.78,260,7.73,292,8.68,74,2.2,155,4.61,2384,1888,79.19,496,20.81,266,11.16,2384,488,20.47,446,18.71,899,37.71,551,23.11,0,0,73,3.06,386,16.19,1925,80.75,557,29.5,1331,70.5,477,25.26,935,49.52,476,25.21,228000,557,78,14,762,1277,664,52,461,24.42,154,8.16,106,5.61,1119,59.27,114.5263158,6.07,127.9176672,6.78,594.2504288,31.48,165.1595197,8.75,446.0926244,23.63,554.5797599,29.37,1888,154,8.16,106,68.83,22,14.29,26,16.88,307,16.26,241,78.5,16,5.21,50,16.29,1427,75.58,1119,78.42,308,21.58,80,5.61,42.89855274,-78.87609162,"(42.89855274, -78.87609162)"
BABCOCK,South,31,SB,61.67,82.07,89.71,8.4,1.89,30290,25.86,2425,1174,48.41,1251,51.59,892,36.78,700,28.87,645,26.6,188,7.75,1942,80.08,40,1.65,346,14.27,0,0,97,4,1154,908,78.68,246,21.32,246,21.32,1154,495,42.89,533,46.19,126,10.92,0,0,0,0,27,2.34,127,11.01,1000,86.66,515,56.72,393,43.28,274,30.18,347,38.22,287,31.61,29800,515,58,11.26,649,393,206,52.42,631,69.49,325,35.79,126,13.88,194,21.37,6.739793814,0.74,177.6908023,19.57,611.2563601,67.32,76.40704501,8.41,40.27658187,4.44,2.369210698,0.26,908,325,35.79,126,38.77,142,43.69,57,17.54,306,33.7,199,65.03,95,31.05,12,3.92,277,30.51,194,70.04,83,29.96,61,22.02,42.87017635,-78.83237689,"(42.87017635, -78.83237689)"
BLACK ROCK,North,10,BR,32.84,87.6,72.89,27.11,0,24550,35.42,3978,2028,50.98,1950,49.02,1560,39.22,1141,28.68,868,21.82,409,10.28,1862,46.81,438,11.01,1349,33.91,185,4.65,144,3.62,1931,1679,86.95,252,13.05,174,9.01,1927,604,31.34,701,36.38,252,13.08,370,19.2,36,1.86,304,15.74,261,13.52,1330,68.88,510,30.38,1169,69.62,726,43.24,687,40.92,266,15.84,44400,491,77,15.68,586,1114,569,51.08,910,54.2,583,34.72,231,13.76,704,41.93,107.2061337,6.39,439.5397022,26.18,918.6588089,54.71,115.9607113,6.91,173.5938792,10.34,31.24689826,1.86,1679,583,34.72,231,39.62,326,55.92,26,4.46,327,19.48,216,66.06,46,14.07,65,19.88,769,45.8,704,91.55,65,8.45,209,27.18,42.93928419,-78.90182692,"(42.93928419, -78.90182692)"
BROADWAY FILLMORE,East,28,BF,51.9,79.11,78.53,15.79,5.67,18940,45.39,10285,4969,48.31,5316,51.69,3846,37.39,2605,25.33,2552,24.81,1282,12.46,1855,18.04,6270,60.96,282,2.74,1384,13.46,494,4.8,6217,4411,70.95,1806,29.05,1397,22.47,6212,2151,34.63,2722,43.82,901,14.5,438,7.05,113,1.82,799,12.85,1128,18.14,4177,67.19,1810,41.03,2601,58.97,1920,43.53,1691,38.34,800,18.14,33239.28177,1788,492,27.52,568.9556084,2397,1821,75.97,2149,48.72,1188,26.93,351,7.96,2113,47.9,601.2855615,13.63,1113.196925,25.24,2415.466066,54.76,386.3649635,8.76,324.71098,7.36,171.2610654,3.88,4411,1188,26.93,351,29.55,647,54.46,190,15.99,961,21.79,424,44.12,387,40.27,150,15.61,2262,51.28,2113,93.41,149,6.59,678,29.97,42.89030115,-78.83955811,"(42.89030115, -78.83955811)"
BRYANT,West,7,EBR,65.21,93.62,76.48,18.07,5.46,40520,23.95,10632,5604,52.71,5028,47.29,2321,21.83,4110,38.66,2355,22.15,1846,17.36,6775,63.72,1639,15.42,838,7.88,1034,9.73,346,3.25,7309,6177,84.51,1132,15.49,622,8.51,7273,1044,14.35,1119,15.39,2450,33.69,2660,36.57,62,0.85,849,11.62,1292,17.68,5106,69.86,1427,23.1,4750,76.9,1774,28.72,2846,46.07,1557,25.21,219902.6629,1416,173,12.22,752.7196322,4573,1999,43.71,1468,23.77,537,8.69,401,6.49,3738,60.51,787.2305305,12.74,749.1777163,12.13,1697.541571,27.48,412.4936831,6.68,1671.528456,27.06,1646.258573,26.65,6170,1150,18.64,668,58.09,360,31.3,122,10.61,1557,25.24,1132,72.7,318,20.42,107,6.87,3463,56.13,2386,68.9,1077,31.1,505,14.58,42.90956382,-78.87597799,"(42.90956382, -78.87597799)"
CAZENOVIA PARK,South,34,SC,58.59,87.63,82.61,15.1,2.29,38300,23.6,8522,4418,51.84,4104,48.16,2611,30.64,2636,30.93,2178,25.56,1097,12.87,7081,83.09,570,6.69,406,4.76,198,2.32,267,3.13,4146,3631,87.58,515,12.42,261,6.3,4146,1512,36.47,2149,51.83,293,7.07,192,4.63,73,1.76,159,3.84,1437,34.66,2477,59.74,1657,45.63,1974,54.37,840,23.13,1701,46.85,1090,30.02,70952.44418,1657,246,14.85,710.5043747,1877,1011,53.86,1915,52.74,848,23.35,344,9.47,1468,40.43,147.847571,4.07,622.2640839,17.14,2105.132296,57.98,344.6102182,9.49,431.8377601,11.89,127.155642,3.5,3631,848,23.35,344,40.57,352,41.51,152,17.92,1067,29.39,736,68.98,267,25.02,64,6,1716,47.26,1468,85.55,248,14.45,465,27.1,42.85693861,-78.80919518,"(42.85693861, -78.80919518)"
CBD,Central,1,CN,55.17,93.43,80.41,16.76,2.83,54390,19.52,3458,1928,55.75,1530,44.25,811,23.45,1328,38.4,858,24.81,461,13.33,1656,47.89,986,28.51,707,20.45,58,1.68,51,1.47,1957,1631,83.34,326,16.66,96,4.91,1953,203,10.39,61,3.12,318,16.28,1371,70.2,289,14.77,460,23.51,625,31.94,583,29.79,356,21.83,1275,78.17,270,16.55,879,53.89,482,29.55,372700,356,96,26.97,742.3132911,1264,369,29.19,663,40.65,259,15.88,72,4.41,761,46.66,174.51417,10.7,237.8413298,14.58,581.0476011,35.63,147.2644503,9.03,330.266717,20.25,334.5799018,20.51,1631,259,15.88,72,27.8,164,63.32,23,8.88,404,24.77,275,68.07,107,26.49,22,5.45,968,59.35,761,78.62,207,21.38,184,19.01,42.87596621,-78.87725,"(42.87596621, -78.87725)"
COLUMBUS,West,2,LWS,53.92,91.68,79.93,18.35,1.71,18340,46.55,6340,2712,42.78,3628,57.22,2428,38.3,1778,28.04,1487,23.45,647,10.21,1386,21.86,1454,22.93,3220,50.79,27,0.43,253,3.99,3276,2899,88.49,377,11.51,307,9.37,3254,628,19.3,1034,31.78,833,25.6,759,23.33,339,10.35,754,23.02,636,19.41,1547,47.22,561,19.35,2338,80.65,1371,47.29,1017,35.08,511,17.63,128305.3476,554,127,22.92,592.3890591,2247,1416,63.02,1463,50.47,1021,35.22,251,8.66,1225,42.26,192.0473186,6.62,781.0700409,26.94,1348.716769,46.52,277.8949387,9.59,286.7875767,9.89,204.5306748,7.06,2899,1021,35.22,251,24.58,751,73.56,19,1.86,442,15.25,148,33.48,218,49.32,76,17.19,1436,49.53,1225,85.31,211,14.69,332,23.12,42.89269228,-78.88538022,"(42.89269228, -78.88538022)"
DELAWARE PARK,North,8,PS,70.61,95.67,81.78,15.63,2.59,54000,14.03,8378,3981,47.52,4397,52.48,2798,33.4,2275,27.15,2263,27.01,1042,12.44,6142,73.31,1272,15.18,463,5.53,263,3.14,238,2.84,4077,3589,88.03,488,11.97,308,7.55,4077,1483,36.37,1229,30.14,807,19.79,558,13.69,28,0.69,287,7.04,976,23.94,2786,68.33,1769,49.29,1820,50.71,654,18.22,1573,43.83,1362,37.95,224601.0741,1760,351,19.94,753.4417693,1718,725,42.2,1704,47.48,821,22.88,581,16.19,1495,41.66,252.7464789,7.04,216.111828,6.02,1152.596416,32.11,263.0646953,7.33,903.0387097,25.16,1054.188351,29.37,3589,821,22.88,581,70.77,184,22.41,56,6.82,883,24.6,674,76.33,159,18.01,50,5.66,1885,52.52,1495,79.31,390,20.69,269,14.27,42.9366575,-78.86002662,"(42.9366575, -78.86002662)"
FIRST WARD,South,32,FW,51.54,86.73,84.7,13.32,1.97,27880,39.21,1971,822,41.7,1149,58.3,796,40.39,419,21.26,509,25.82,247,12.53,1555,78.89,0,0,375,19.03,0,0,41,2.08,1028,791,76.95,237,23.05,191,18.58,1013,477,47.09,487,48.08,49,4.84,0,0,25,2.43,71,6.91,125,12.16,807,78.5,494,62.45,297,37.55,210,26.55,423,53.48,158,19.97,38800,494,129,26.11,611,269,165,61.34,418,52.84,223,28.19,57,7.21,315,39.82,46.55301877,5.89,234.2706383,29.62,423.4374468,53.53,87.51489362,11.06,16.15659574,2.04,29.62042553,3.74,791,223,28.19,57,25.56,149,66.82,17,7.62,195,24.65,159,81.54,27,13.85,9,4.62,373,47.16,315,84.45,58,15.55,117,31.37,42.86596031,-78.85846723,"(42.86596031, -78.85846723)"
FOREST,West,4,UWS,53.18,93.66,84.02,13.57,2.4,31390,46.96,10278,5281,51.38,4997,48.62,4778,46.49,3060,29.77,1752,17.05,688,6.69,2682,26.09,2878,28,2401,23.36,1611,15.67,706,6.87,3953,3104,78.52,849,21.48,694,17.56,3931,1216,30.93,2035,51.77,556,14.14,124,3.15,55,1.39,182,4.6,599,15.15,3117,78.85,896,28.87,2208,71.13,961,30.96,1542,49.68,601,19.36,61196.09375,896,130,14.51,740.7568681,2137,1282,59.99,2002,64.5,1312,42.27,607,19.56,803,25.87,1012.620354,32.62,970.7054545,31.27,1403.008,45.2,208.2501818,6.71,373.0443636,12.02,148.992,4.8,3104,1312,42.27,607,46.27,563,42.91,142,10.82,690,22.23,308,44.64,240,34.78,142,20.58,1102,35.5,803,72.87,299,27.13,265,24.05,42.92292466,-78.89340362,"(42.92292466, -78.89340362)"
FRONT PARK,West,3,WS,47.06,88.19,80.25,13.85,5.9,20040,48.49,10455,5380,51.46,5075,48.54,4168,39.87,3151,30.14,2097,20.06,1039,9.94,3301,31.57,1742,16.66,3440,32.9,1492,14.27,480,4.59,5267,4299,81.62,968,18.38,728,13.82,5252,1237,23.55,2564,48.82,985,18.75,466,8.87,67,1.27,450,8.54,753,14.3,3997,75.89,1475,34.31,2824,65.69,1846,42.94,1678,39.03,775,18.03,84118.84746,1475,461,31.25,658.0561224,2531,1731,68.39,2043,47.52,1243,28.91,675,15.7,1954,45.45,1030.444189,23.97,1358.694608,31.6,1831.194847,42.6,202.4024177,4.71,544.9821855,12.68,361.7259424,8.41,4299,1243,28.91,675,54.3,399,32.1,169,13.6,800,18.61,420,52.5,246,30.75,134,16.75,2256,52.48,1954,86.61,302,13.39,608,26.95,42.90553428,-78.89268387,"(42.90553428, -78.89268387)"
GENESEE MOSELLE,East,19,GM,52.79,80.67,81.09,15.59,3.32,22080,46.99,6911,3263,47.21,3648,52.79,2696,39.01,1670,24.16,1844,26.68,701,10.14,1048,15.16,5192,75.13,306,4.43,256,3.7,109,1.58,3848,2822,73.34,1026,26.66,802,20.84,3848,1371,35.63,2119,55.07,276,7.17,82,2.13,29,0.75,233,6.06,901,23.41,2685,69.78,1099,38.94,1723,61.06,1196,42.38,1070,37.92,556,19.7,32508.9172,1093,321,29.37,687.1580529,1573,1106,70.31,1451,51.42,707,25.05,121,4.29,1199,42.49,166.600492,5.9,652.1062871,23.11,1595.451008,56.54,263.1188612,9.32,180.7686833,6.41,130.5551601,4.63,2822,707,25.05,121,17.11,538,76.1,48,6.79,744,26.36,281,37.77,402,54.03,61,8.2,1371,48.58,1199,87.45,172,12.55,238,17.36,42.9067872,-78.81813066,"(42.9067872, -78.81813066)"
GRIDER,East,21,DG,51.29,86.54,75.77,18.82,5.41,28370,29.43,5501,2300,41.81,3201,58.19,1919,34.88,1020,18.54,1544,28.07,1018,18.51,102,1.85,5104,92.78,56,1.02,0,0,239,4.34,3045,2384,78.29,661,21.71,441,14.48,3026,1406,46.46,1553,51.32,56,1.85,11,0.36,71,2.33,81,2.66,881,28.93,2012,66.08,1137,47.69,1247,52.31,668,28.02,1103,46.27,613,25.71,38352.06684,1117,256,22.92,719.7571305,1115,762,68.34,1509,63.3,610,25.59,63,2.64,798,33.47,41.17069624,1.73,398.6644333,16.72,1329.768844,55.78,301.4941374,12.65,235.6046901,9.88,118.467895,4.97,2384,610,25.59,63,10.33,536,87.87,11,1.8,899,37.71,420,46.72,386,42.94,93,10.34,875,36.7,798,91.2,77,8.8,226,25.83,42.92194006,-78.83156452,"(42.92194006, -78.83156452)"
HAMLIN PARK,East,23,HP,53.39,88.14,80.33,14.83,4.84,27860,36.95,7284,3312,45.47,3972,54.53,3752,51.51,1311,18,1214,16.67,1007,13.82,1584,21.75,5240,71.94,159,2.18,161,2.21,140,1.92,2972,2400,80.75,572,19.25,318,10.7,2942,850,28.89,1789,60.81,240,8.16,63,2.14,30,1.01,109,3.67,666,22.41,2167,72.91,973,40.54,1427,59.46,683,28.46,1014,42.25,703,29.29,63654.47071,967,252,26.06,821.5287714,1188,785,66.08,1512,63,807,33.63,190,7.92,639,26.63,149.9176277,6.25,326.8403171,13.62,1513.250283,63.05,180.0679502,7.5,239.184598,9.97,140.6568516,5.86,2400,807,33.63,190,23.54,525,65.06,92,11.4,705,29.38,298,42.27,295,41.84,112,15.89,888,37,639,71.96,249,28.04,302,34.01,42.92116104,-78.84850441,"(42.92116104, -78.84850441)"
KAISERTOWN,South,30,KT,62.39,92.77,77.64,18.87,3.49,41280,15.14,5180,2493,48.13,2687,51.87,1345,25.97,1341,25.89,1710,33.01,784,15.14,4492,86.72,237,4.58,341,6.58,0,0,110,2.12,2833,2437,86.02,396,13.98,353,12.46,2833,1608,56.76,954,33.67,243,8.58,28,0.99,24,0.85,69,2.44,1304,46.03,1436,50.69,1683,69.06,754,30.94,541,22.2,1062,43.58,834,34.22,66924.18301,1607,245,15.25,692.1818182,703,383,54.48,1170,48.01,438,17.97,241,9.89,1053,43.21,119.0272201,4.88,339.9726206,13.95,1285.54133,52.75,373.6521512,15.33,319.0023468,13.09,118.8315515,4.88,2437,438,17.97,241,55.02,168,38.36,29,6.62,732,30.04,541,73.91,142,19.4,49,6.69,1267,51.99,1053,83.11,214,16.89,378,29.83,42.87116397,-78.80937785,"(42.87116397, -78.80937785)"
KENFIELD,East,17,KF,57.21,85.7,81.71,15.77,2.52,26700,37.58,7049,2724,38.64,4325,61.36,3077,43.65,1568,22.24,1664,23.61,740,10.5,390,5.53,6370,90.37,189,2.68,18,0.26,82,1.16,3555,3142,88.38,413,11.62,342,9.62,3555,1087,30.58,1449,40.76,956,26.89,63,1.77,83,2.33,60,1.69,871,24.5,2541,71.48,973,30.97,2169,69.03,1282,40.8,1249,39.75,611,19.45,53622.71326,932,224,24.03,508.4969325,1964,893,45.47,1992,63.4,1177,37.46,167,5.32,1050,33.42,61.0659668,1.94,435.8615307,13.87,1951.488922,62.11,423.9959718,13.49,227.0276939,7.23,103.6258812,3.3,3142,1177,37.46,167,14.19,947,80.46,63,5.35,815,25.94,334,40.98,367,45.03,114,13.99,1150,36.6,1050,91.3,100,8.7,327,28.43,42.92777931,-78.80875953,"(42.92777931, -78.80875953)"
KENSINGTON,East,16,KB,56.41,89.47,82.11,16.11,1.78,37240,30.88,14098,6250,44.33,7848,55.67,5682,40.3,3498,24.81,3395,24.08,1523,10.8,887,6.29,12373,87.76,206,1.46,253,1.79,379,2.69,6492,5674,87.4,818,12.6,599,9.23,6492,3594,55.36,2379,36.65,465,7.16,54,0.83,13,0.2,192,2.96,1460,22.49,4827,74.35,2568,45.26,3106,54.74,1583,27.9,2705,47.67,1386,24.43,55018.38006,2560,595,23.24,796.6855469,2920,1692,57.95,3292,58.02,1545,27.23,320,5.64,2209,38.93,214.515676,3.78,893.3044202,15.74,3385.118108,59.66,637.7856464,11.24,340.4669677,6,417.3248574,7.36,5674,1545,27.23,320,20.71,1063,68.8,162,10.49,1747,30.79,690,39.5,842,48.2,215,12.31,2382,41.98,2209,92.74,173,7.26,565,23.72,42.93977645,-78.80988103,"(42.93977645, -78.80988103)"
LEROY,East,22,FL,47.29,82.79,84.3,12.37,3.33,22910,45.55,5458,2566,47.01,2892,52.99,1974,36.17,1446,26.49,1171,21.45,867,15.88,569,10.43,4289,78.58,229,4.2,139,2.55,232,4.25,2826,2465,87.23,361,12.77,246,8.7,2815,1155,41.03,1126,40,357,12.68,177,6.29,105,3.72,276,9.77,574,20.31,1871,66.21,1033,41.91,1432,58.09,1006,40.81,1105,44.83,354,14.36,48852.17812,984,370,37.6,714.3956835,1346,903,67.09,1351,54.81,666,27.02,82,3.33,975,39.55,140.9087578,5.72,435.1248565,17.65,1412.210103,57.29,188.9078645,7.66,273.8102755,11.11,154.9469001,6.29,2465,666,27.02,82,12.31,434,65.17,150,22.52,685,27.79,222,32.41,371,54.16,92,13.43,1114,45.19,975,87.52,139,12.48,416,37.34,42.93307529,-78.83539765,"(42.93307529, -78.83539765)"
LOVEJOY,East,29,LJ,60.07,86.95,85.3,9.38,5.32,28780,34.4,7852,3645,46.42,4207,53.58,2658,33.85,2219,28.26,1966,25.04,1009,12.85,5971,76.04,1142,14.54,465,5.92,50,0.64,224,2.85,3850,3200,83.12,650,16.88,566,14.7,3832,1580,41.23,1938,50.57,228,5.95,86,2.24,14,0.36,187,4.86,883,22.94,2766,71.84,1402,43.81,1798,56.19,971,30.34,1484,46.38,745,23.28,48641.94009,1396,271,19.41,595.2619048,1623,954,58.78,1856,58,966,30.19,178,5.56,1116,34.88,83.138054,2.6,599.4609164,18.73,2027.570273,63.36,320.3696573,10.01,202.6954178,6.33,49.90373508,1.56,3200,966,30.19,178,18.43,611,63.25,177,18.32,890,27.81,548,61.57,221,24.83,121,13.6,1344,42,1116,83.04,228,16.96,425,31.62,42.88758439,-78.81209403,"(42.88758439, -78.81209403)"
M.L.K. PARK,East,20,MLK,45.43,84.62,86.09,13.91,0,20480,37.04,3059,1278,41.78,1781,58.22,1132,37.01,594,19.42,783,25.6,550,17.98,129,4.22,2855,93.33,32,1.05,0,0,43,1.41,1987,1555,78.26,432,21.74,247,12.43,1981,536,27.06,1080,54.52,271,13.68,94,4.75,0,0,210,10.57,695,34.98,1082,54.45,612,39.36,943,60.64,748,48.1,644,41.41,163,10.48,33800,575,114,19.83,615,902,578,64.08,863,55.5,393,25.27,0,0,655,42.12,8.641712978,0.56,292.9242346,18.84,990.9392839,63.73,135.5682408,8.72,83.92319668,5.4,51.64504411,3.32,1555,393,25.27,0,0,354,90.08,39,9.92,470,30.23,193,41.06,204,43.4,73,15.53,692,44.5,655,94.65,37,5.35,234,33.82,42.90930777,-78.83478918,"(42.90930777, -78.83478918)"
MASTEN PARK,East,24,MP,48.79,79.84,88.13,9.59,2.28,22520,34.65,6318,2633,41.67,3685,58.33,2118,33.52,1394,22.06,1618,25.61,1188,18.8,264,4.18,5475,86.66,410,6.49,0,0,169,2.67,4232,3014,71.22,1218,28.78,1059,25.02,4202,1342,31.94,2014,47.93,394,9.38,452,10.76,401,9.48,606,14.32,759,17.93,2466,58.27,1170,38.82,1844,61.18,1087,36.07,1432,47.51,495,16.42,40670.08547,1161,294,25.32,637.0799329,1720,1005,58.43,1419,47.08,650,21.57,104,3.45,1480,49.1,163.1509972,5.41,732.6890476,24.31,1579.479524,52.4,354.5038095,11.76,209.5447619,6.95,137.7828571,4.57,3014,650,21.57,104,16,508,78.15,38,5.85,769,25.51,288,37.45,383,49.8,98,12.74,1595,52.92,1480,92.79,115,7.21,611,38.31,42.91095889,-78.85559776,"(42.91095889, -78.85559776)"
MEDICAL PARK,East,25,FB,40.25,89.76,75.15,14.04,10.82,25350,28.03,2296,1028,44.77,1268,55.23,666,29.01,347,15.11,694,30.23,589,25.65,265,11.54,1903,82.88,93,4.05,0,0,35,1.52,1333,854,64.07,479,35.93,406,30.46,1333,625,46.89,376,28.21,204,15.3,128,9.6,80,6,131,9.83,298,22.36,824,61.82,385,45.08,469,54.92,335,39.23,353,41.33,166,19.44,82300,385,94,24.42,684,460,249,54.13,523,61.24,212,24.82,0,0,315,36.89,10.78658537,1.26,203.807362,23.87,459.4834356,53.8,55.53619632,6.5,84.35214724,9.88,50.8208589,5.95,854,212,24.82,0,0,172,81.13,40,18.87,311,36.42,161,51.77,141,45.34,9,2.89,331,38.76,315,95.17,16,4.83,164,49.55,42.89916002,-78.86060503,"(42.89916002, -78.86060503)"
MILITARY,North,12,WH,54.19,90.41,87.92,6.44,5.64,25980,38.85,4293,2300,53.58,1993,46.42,1622,37.78,1303,30.35,1024,23.85,344,8.01,1622,37.78,1184,27.58,1066,24.83,123,2.87,298,6.94,2045,1819,88.95,226,11.05,149,7.29,2034,683,33.58,815,40.07,448,22.03,88,4.33,0,0,326,15.94,793,38.78,926,45.28,564,31.01,1255,68.99,520,28.59,894,49.15,405,22.26,66400,564,115,20.39,589,1176,539,45.83,997,54.81,459,25.23,161,8.85,671,36.89,306.3445143,16.84,468.5406215,25.76,778.4039686,42.79,175.7027331,9.66,247.8906776,13.63,148.4619993,8.16,1819,459,25.23,161,35.08,242,52.72,56,12.2,538,29.58,240,44.61,132,24.54,166,30.86,822,45.19,671,81.63,151,18.37,196,23.84,42.9511837,-78.88667344,"(42.9511837, -78.88667344)"
NORTH PARK,North,13,NP,67.34,92.54,81.53,14.49,3.97,53870,11.48,16990,8404,49.46,8586,50.54,4025,23.69,6468,38.07,4240,24.96,2257,13.28,12400,72.98,2210,13.01,1579,9.29,486,2.86,315,1.85,8674,8005,92.29,669,7.71,432,4.98,8647,2922,33.79,4229,48.91,1114,12.88,382,4.42,94,1.08,778,8.97,2606,30.04,5196,59.9,3850,48.09,4155,51.91,1093,13.65,3711,46.36,3201,39.99,131960.3896,3850,786,20.42,791.8731491,3973,1596,40.17,3751,46.86,1330,16.61,792,9.89,3041,37.99,578.5838729,7.23,885.3968376,11.06,3057.521018,38.2,890.33629,11.12,1973.928654,24.66,1197.8172,14.96,8005,1330,16.61,792,59.55,416,31.28,122,9.17,2421,30.24,1549,63.98,571,23.59,301,12.43,4254,53.14,3041,71.49,1213,28.51,678,15.94,42.95113077,-78.86083114,"(42.95113077, -78.86083114)"
RIVERSIDE PARK,North,11,RS,56.06,95.04,80.33,16.14,3.52,21570,45.32,10703,4891,45.7,5812,54.3,4426,41.35,2911,27.2,2528,23.62,838,7.83,5261,49.15,1428,13.34,2407,22.49,1112,10.39,495,4.62,4831,4130,85.49,701,14.51,504,10.43,4831,2050,42.43,2100,43.47,564,11.67,117,2.42,28,0.58,138,2.86,1669,34.55,2996,62.02,1540,37.29,2590,62.71,1457,35.28,1746,42.28,927,22.45,55546.1039,1488,355,23.86,674.0581583,2228,1339,60.1,2378,57.58,1398,33.85,595,14.41,1453,35.18,601.1903205,14.56,944.1691891,22.86,2358.120121,57.1,417.8030906,10.12,298.7127609,7.23,111.1948383,2.69,4130,1398,33.85,595,42.56,640,45.78,163,11.66,980,23.73,589,60.1,337,34.39,54,5.51,1752,42.42,1453,82.93,299,17.07,289,16.5,42.95494996,-78.90191565,"(42.95494996, -78.90191565)"
SCHILLER PARK,East,18,SHP,56.77,85.49,81.99,14.61,3.4,24020,43.96,9772,4332,44.33,5440,55.67,4303,44.03,2353,24.08,2282,23.35,834,8.53,1071,10.96,7706,78.86,504,5.16,205,2.1,286,2.93,4650,3812,81.98,838,18.02,503,10.82,4650,2151,46.26,2180,46.88,198,4.26,121,2.6,110,2.37,332,7.14,1325,28.49,2883,62,1437,37.7,2375,62.3,1429,37.49,1563,41,820,21.51,38538.34377,1437,543,37.79,739.7289799,2180,1570,72.02,2399,62.93,1308,34.31,264,6.93,1318,34.58,159.9386001,4.2,869.1833973,22.8,2126.606692,55.79,377.0875846,9.89,287.8690803,7.55,151.2532456,3.97,3812,1308,34.31,264,20.18,911,69.65,133,10.17,1091,28.62,553,50.69,487,44.64,51,4.67,1413,37.07,1318,93.28,95,6.72,353,24.98,42.91334028,-78.80554586,"(42.91334028, -78.80554586)"
SOUTH ABBOTT,South,35,SP,68.63,94.37,75.08,22.12,2.8,55720,11.89,15433,7302,47.31,8131,52.69,4432,28.72,4383,28.4,4344,28.15,2274,14.73,13912,90.14,464,3.01,865,5.6,69,0.45,123,0.8,6994,6431,91.95,563,8.05,338,4.83,6994,4285,61.27,2200,31.46,451,6.45,58,0.83,0,0,232,3.32,2841,40.62,3921,56.06,4543,70.64,1888,29.36,583,9.07,2757,42.87,3091,48.06,93177.81202,4517,694,15.36,727.5325714,1693,645,38.1,3911,60.81,1644,25.56,1078,16.76,1994,31.01,269.191084,4.19,515.0178166,8.01,3197.670212,49.72,841.7998364,13.09,1058.680211,16.46,817.8319244,12.72,6431,1644,25.56,1078,65.57,525,31.93,41,2.49,2267,35.25,1476,65.11,503,22.19,288,12.7,2520,39.19,1994,79.13,526,20.87,768,30.48,42.84272569,-78.81352847,"(42.84272569, -78.81352847)"
SOUTH ELLICOTT,East,27,EL,61.82,84.97,82.9,12.57,4.53,22190,33.49,2944,1395,47.38,1549,52.62,1048,35.6,721,24.49,804,27.31,371,12.6,787,26.73,1396,47.42,529,17.97,213,7.24,19,0.65,1737,1357,78.12,380,21.88,380,21.88,1737,491,28.27,367,21.13,475,27.35,404,23.26,172,9.9,207,11.92,243,13.99,1115,64.19,359,26.46,998,73.54,577,42.52,509,37.51,271,19.97,42500,359,40,11.14,408,847,397,46.87,634,46.72,291,21.44,113,8.33,707,52.1,84.8125,6.25,389.350211,28.69,723.5901899,53.32,97.33755274,7.17,107.3575949,7.91,39.36445148,2.9,1357,291,21.44,113,38.83,141,48.45,37,12.71,343,25.28,137,39.94,138,40.23,68,19.83,723,53.28,707,97.79,16,2.21,189,26.14,42.87529471,-78.85697711,"(42.87529471, -78.85697711)"
STARIN CENTRAL,North,14,CP,51.68,85.42,82.63,16.47,0.9,61940,14.32,5878,2983,50.75,2895,49.25,1161,19.75,2135,36.32,1839,31.29,743,12.64,4546,77.34,895,15.23,177,3.01,98,1.67,162,2.76,2673,2431,90.95,242,9.05,182,6.81,2673,1393,52.11,802,30,300,11.22,178,6.66,116,4.34,95,3.55,940,35.17,1522,56.94,1468,60.39,963,39.61,333,13.7,755,31.06,1343,55.24,167500,1468,225,15.33,871,801,375,46.82,1288,52.98,433,17.81,251,10.32,812,33.4,196.0350459,8.06,110.2891668,4.54,952.4036464,39.18,164.4030104,6.76,695.2340471,28.6,508.6701293,20.92,2431,433,17.81,251,57.97,150,34.64,32,7.39,855,35.17,693,81.05,42,4.91,120,14.04,1143,47.02,812,71.04,331,28.96,149,13.04,42.94803807,-78.83727408,"(42.94803807, -78.83727408)"
TIFFT,South,33,HT,65.48,90.92,86.05,11.23,2.72,36960,28.07,7080,3704,52.32,3376,47.68,2469,34.87,1982,27.99,1813,25.61,816,11.53,4871,68.8,435,6.14,1319,18.63,166,2.34,289,4.08,3116,2757,88.48,359,11.52,250,8.02,3116,1490,47.82,1398,44.87,194,6.23,34,1.09,21,0.67,150,4.81,989,31.74,1956,62.77,1476,53.54,1281,46.46,291,10.55,1645,59.67,821,29.78,59417.07317,1476,331,22.43,682.5722357,1217,671,55.14,1731,62.79,914,33.15,348,12.62,782,28.36,108.2550847,3.93,397.6154847,14.42,1754.291477,63.63,254.7130774,9.24,262.4860117,9.52,87.89394925,3.19,2757,914,33.15,348,38.07,431,47.16,135,14.77,817,29.63,507,62.06,109,13.34,201,24.6,1026,37.21,782,76.22,244,23.78,304,29.63,42.8461645,-78.84195621,"(42.8461645, -78.84195621)"
UNIVERSITY,North,15,UH,56.76,92.2,77.32,19.68,3,42130,35.21,10377,5565,53.63,4812,46.37,5174,49.86,2348,22.63,2102,20.26,753,7.26,3723,35.88,3976,38.32,725,6.99,1657,15.97,296,2.85,4233,3568,84.29,665,15.71,396,9.36,4233,2048,48.38,1625,38.39,414,9.78,146,3.45,56,1.32,150,3.54,949,22.42,3078,72.71,1517,42.52,2051,57.48,1035,29.01,1329,37.25,1204,33.74,78084.00529,1517,281,18.52,813.8225966,1944,1243,63.94,1642,46.02,784,21.97,300,8.41,980,27.47,566.9877614,15.89,316.820296,8.88,1782.285604,49.95,434.084951,12.17,521.1762445,14.61,513.6329041,14.4,3568,784,21.97,300,38.27,484,61.73,0,0,858,24.05,429,50,290,33.8,139,16.2,1926,53.98,980,50.88,946,49.12,306,15.89,42.95099497,-78.82064483,"(42.95099497, -78.82064483)"
WILLERT PARK,East,26,PW,54.55,91.15,74.74,23.28,1.98,26330,30.65,4772,1777,37.24,2995,62.76,1406,29.46,1160,24.31,1312,27.49,894,18.73,285,5.97,4042,84.7,219,4.59,44,0.92,182,3.81,3086,2631,85.26,455,14.74,172,5.57,3086,948,30.72,307,9.95,949,30.75,882,28.58,495,16.04,1160,37.59,853,27.64,578,18.73,636,24.17,1995,75.83,1229,46.71,1116,42.42,286,10.87,81355.66038,636,158,24.84,468.3527623,1958,1024,52.3,1135,43.14,552,20.98,72,2.74,1422,54.05,66.16093881,2.51,489.3065954,18.6,1324.098039,50.33,258.7228164,9.83,298.5864528,11.35,260.2860963,9.89,2631,552,20.98,72,13.04,453,82.07,27,4.89,583,22.16,247,42.37,271,46.48,65,11.15,1496,56.86,1422,95.05,74,4.95,556,37.17,42.88710591,-78.86013401,"(42.88710591, -78.86013401)"
